id,artistName,leadStreams,feats,tracks,oneBillion,houndredMillions,lastUpdated,Songs
1,Drake,50162292808,19246513666,262,6,130,09/19/2022 00:00:00,"IDGAF,Sticky"
2,Bad Bunny,44369032140,5391990975,163,5,118,09/20/2022 00:00:00,
3,Ed Sheeran,38153682361,2791278201,240,10,62,09/19/2022 00:00:00,"Shape of You,Perfect"
4,The Weeknd,34767779741,4288903657,186,8,72,09/19/2022 00:00:00,
5,Taylor Swift,32596728109,424053296,323,1,96,09/20/2022 00:00:00,
6,Justin Bieber,32465998885,10816202075,225,6,58,09/20/2022 00:00:00,
7,Ariana Grande,32287682040,2052297828,181,8,71,09/19/2022 00:00:00,
8,Eminem,30431861291,4165031640,301,5,65,09/19/2022 00:00:00,
9,Post Malone,29832277109,2728018288,98,9,57,09/19/2022 00:00:00,
10,BTS,28533458128,323205288,262,1,98,09/19/2022 00:00:00,
11,J Balvin,25892190469,9950347777,242,3,66,09/19/2022 00:00:00,
12,Kanye West,25535119184,5767153127,239,1,63,09/20/2022 00:00:00,
13,Billie Eilish,23684986780,0,65,4,47,09/20/2022 00:00:00,
14,Juice WRLD,23114066243,3751941085,116,3,60,09/19/2022 00:00:00,
15,Coldplay,22214835214,0,299,5,34,09/20/2022 00:00:00,
16,Dua Lipa,22186290470,349750231,198,7,36,09/19/2022 00:00:00,
17,Imagine Dragons,21812218476,65400698,189,4,41,09/19/2022 00:00:00,
18,XXXTENTACION,21726799289,2664663104,144,7,44,09/18/2022 00:00:00,
19,Ozuna,21119272574,7514655612,215,1,51,09/17/2022 00:00:00,
20,Khalid,20973735166,2923419376,119,7,40,09/15/2022 00:00:00,
21,Rihanna,20761226681,6677097087,278,2,46,09/19/2022 00:00:00,
22,Travis Scott,20566427073,9662107113,113,4,49,09/17/2022 00:00:00,
23,Maroon 5,19952566778,18447,240,7,31,09/17/2022 00:00:00,
24,David Guetta,19104897589,1131603410,705,1,46,09/19/2022 00:00:00,
25,Shawn Mendes,18964777185,46809153,126,5,34,09/19/2022 00:00:00,
26,Bruno Mars,18201285113,3874562483,81,5,32,09/06/2022 00:00:00,
27,Daddy Yankee,18075604863,5656394885,360,4,44,09/16/2022 00:00:00,
28,Calvin Harris,17820311936,419338360,238,3,29,09/03/2022 00:00:00,
29,Kendrick Lamar,17650726013,8647763108,121,2,41,09/19/2022 00:00:00,
30,Sam Smith,16883863013,277349953,145,4,31,09/19/2022 00:00:00,
31,Queen,16557204478,35125587,557,4,24,09/20/2022 00:00:00,
32,Beyoncé,15593114022,1949901038,366,1,36,09/19/2022 00:00:00,
33,Adele,15561219687,74107163,71,5,28,09/19/2022 00:00:00,
34,Future,15552849123,9255946718,504,1,29,09/17/2022 00:00:00,
35,One Direction,15499795436,0,124,0,45,09/19/2022 00:00:00,
36,The Chainsmokers,15484677966,400919869,197,4,27,09/13/2022 00:00:00,
37,Chris Brown,15440015429,7787759348,427,0,38,09/19/2022 00:00:00,
38,Lady Gaga,14897662581,94739265,314,1,27,09/19/2022 00:00:00,
39,J. Cole,14849857590,3309086106,137,1,39,09/20/2022 00:00:00,
40,Nicki Minaj,14744100678,10558501637,171,2,35,09/19/2022 00:00:00,
41,Anuel AA,14364736608,4592555695,160,1,35,09/19/2022 00:00:00,
42,Halsey,14151726087,2459831429,180,3,24,09/12/2022 00:00:00,
43,The Beatles,14001404418,0,792,0,39,09/19/2022 00:00:00,
44,Selena Gomez,13905383000,2075330489,140,3,24,09/19/2022 00:00:00,
45,Sia,13601270394,3054317056,323,2,26,09/19/2022 00:00:00,
46,Maluma,13551469480,7414576492,195,0,34,08/18/2022 00:00:00,
47,Harry Styles,13347420670,0,39,4,35,09/20/2022 00:00:00,
48,Marshmello,13049327287,641714533,163,4,19,09/15/2022 00:00:00,
49,Lil Uzi Vert,12985704210,8235141311,140,1,33,09/19/2022 00:00:00,
50,Linkin Park,12970759855,47851519,350,2,30,09/18/2022 00:00:00,
51,Twenty One Pilots,12949146668,0,90,3,36,09/18/2022 00:00:00,
52,Rauw Alejandro,12914088970,1924490635,182,0,34,09/18/2022 00:00:00,
53,Katy Perry,12631477879,1217714183,180,0,30,09/19/2022 00:00:00,
54,Kygo,12519097847,1133263396,107,1,30,09/09/2022 00:00:00,
55,Avicii,12484875427,456987347,248,3,18,09/20/2022 00:00:00,
56,Lana Del Rey,12457976768,801314209,166,0,37,09/19/2022 00:00:00,
57,Farruko,11983825654,6531990862,343,1,31,07/31/2022 00:00:00,
58,Doja Cat,11973361879,1669029614,85,3,25,09/19/2022 00:00:00,
59,Camila Cabello,11822254851,2188298508,61,2,24,09/19/2022 00:00:00,
60,Jason Derulo,11262694386,742144326,197,0,28,09/08/2022 00:00:00,
61,Arctic Monkeys,11249748739,0,134,1,24,09/19/2022 00:00:00,
62,KAROL G,11177377040,553732559,85,2,29,09/20/2022 00:00:00,
63,Red Hot Chili Peppers,11005993478,0,266,0,17,09/18/2022 00:00:00,
64,Shakira,10782631210,1255591184,232,1,25,09/19/2022 00:00:00,
65,Demi Lovato,10668611459,1425100886,251,1,23,09/19/2022 00:00:00,
66,Miley Cyrus,9940559934,931030339,197,1,17,09/18/2022 00:00:00,
67,OneRepublic,9926540057,219314451,167,1,27,08/28/2022 00:00:00,
68,Nicky Jam,9861155500,9052517716,220,0,27,07/31/2022 00:00:00,
69,Michael Jackson,9754680636,547196557,327,1,21,09/19/2022 00:00:00,
70,Lil Baby,9670090585,8736714891,181,1,21,09/19/2022 00:00:00,
71,Myke Towers,9667486409,4145835762,168,0,28,09/20/2022 00:00:00,
72,Charlie Puth,9570632839,231391689,109,3,14,09/20/2022 00:00:00,
73,Pitbull,9426002918,3062823873,394,1,21,09/10/2022 00:00:00,
74,Martin Garrix,9390213325,87715051,199,2,19,09/17/2022 00:00:00,
75,Sebastian Yatra,9365402828,850201743,126,0,30,09/19/2022 00:00:00,
76,DaBaby,9326324913,4757336377,157,2,18,09/18/2022 00:00:00,
77,21 Savage,9289820129,6019152179,162,0,24,09/19/2022 00:00:00,
78,Mac Miller,9187372325,699621455,221,0,21,09/13/2022 00:00:00,
79,Panic! At The Disco,9107446450,669606481,146,1,20,09/06/2022 00:00:00,
80,Pop Smoke,9097323859,930302921,99,0,19,09/06/2022 00:00:00,
81,Cardi B,9066363643,6163998179,70,2,18,09/17/2022 00:00:00,
82,Sech,9011436885,2900320709,123,0,25,07/31/2022 00:00:00,
83,Lil Wayne,8970128688,14160244567,476,0,19,09/17/2022 00:00:00,
84,Young Thug,8956248071,9576540270,366,0,20,09/17/2022 00:00:00,
85,Olivia Rodrigo,8954631138,1691988,37,2,13,09/19/2022 00:00:00,
86,Metallica,8890283866,7116668,814,0,16,09/19/2022 00:00:00,
87,G-Eazy,8847885490,2309356739,224,1,17,08/25/2022 00:00:00,
88,Ellie Goulding,8826849897,639400676,167,1,16,09/06/2022 00:00:00,
89,Lil Nas X,8778149366,0,34,3,11,09/16/2022 00:00:00,
90,Major Lazer,8758754488,614069138,269,3,14,09/05/2022 00:00:00,
91,Alan Walker,8727932813,1852490942,170,1,18,09/01/2022 00:00:00,
92,Wiz Khalifa,8695422254,7040015281,461,1,19,09/18/2022 00:00:00,
93,Lil Peep,8691721490,335277695,104,0,23,09/18/2022 00:00:00,
94,Diplo,8496096848,1757002014,397,0,24,09/13/2022 00:00:00,
95,Fall Out Boy,8451431705,38756715,199,0,18,09/13/2022 00:00:00,
96,Elton John,8437442330,318323546,936,1,17,09/19/2022 00:00:00,
97,AC/DC,8283420177,0,313,3,10,09/19/2022 00:00:00,
98,P!nk,8243802966,663799734,227,0,23,09/18/2022 00:00:00,
99,John Mayer,8243443329,514893335,208,0,20,09/16/2022 00:00:00,
100,Logic,8221159539,1940369157,193,1,14,09/11/2022 00:00:00,
102,Migos,8212730428,3413743336,283,0,18,09/20/2022 00:00:00,
103,Trippie Redd,8169854684,3237110398,197,0,24,09/15/2022 00:00:00,
104,Gunna,8136453038,4669227285,178,2,15,09/14/2022 00:00:00,
105,Tyga,8136081475,4144077151,303,1,20,07/31/2022 00:00:00,
106,James Arthur,8094663482,77343574,147,1,14,09/18/2022 00:00:00,
107,Little Mix,8025705397,12393008,205,0,21,09/20/2022 00:00:00,
108,Macklemore,7934784607,83073903,103,1,13,09/20/2022 00:00:00,
109,ZAYN,7926581878,238814490,85,3,16,09/18/2022 00:00:00,
110,DJ Snake,7893987604,1942695289,142,2,11,07/31/2022 00:00:00,
111,Lauv,7860150086,147385883,108,1,21,08/12/2022 00:00:00,
112,Kodak Black,7853951418,1969874771,243,0,16,09/19/2022 00:00:00,
113,"Tyler, The Creator",7852572852,1592057360,154,0,21,09/18/2022 00:00:00,
114,Frank Ocean,7842180179,2342080949,45,0,23,09/19/2022 00:00:00,
115,A$AP Rocky,7788610912,5156511594,99,0,19,09/20/2022 00:00:00,
116,YoungBoy Never Broke Again,7762762379,1355024452,416,0,8,09/19/2022 00:00:00,
117,NF,7715473739,135847234,81,1,18,09/12/2022 00:00:00,
118,Tiësto,7713821346,760009949,653,0,16,08/21/2022 00:00:00,
119,5 Seconds of Summer,7672003639,523602841,165,1,14,09/19/2022 00:00:00,
120,A Boogie Wit da Hoodie,7634446872,3249718029,138,0,17,09/14/2022 00:00:00,
121,Zedd,7585730125,1008114646,139,3,14,08/21/2022 00:00:00,
122,Romeo Santos,7485543396,1125011362,146,0,21,09/16/2022 00:00:00,
123,Robin Schulz,7470013873,315457501,224,1,15,09/04/2022 00:00:00,
124,Green Day,7403734026,536841,374,0,13,09/16/2022 00:00:00,
125,$uicideboy$,7392060042,255581637,313,0,13,09/18/2022 00:00:00,
126,Nirvana,7295132559,1137194,347,1,14,09/19/2022 00:00:00,
127,SZA,7269204057,2147963882,49,2,18,09/19/2022 00:00:00,
128,Luis Miguel,7267478981,2583720,312,0,17,09/16/2022 00:00:00,
129,DJ Khaled,7262608327,195727208,186,1,14,09/02/2022 00:00:00,
130,Metro Boomin,7262115562,209872990,118,1,18,07/31/2022 00:00:00,
131,Justin Timberlake,7225331308,2167168755,172,1,13,09/18/2022 00:00:00,
132,Bob Marley & The Wailers,7206364367,56737031,618,0,13,08/29/2022 00:00:00,
133,BLACKPINK,7206360244,526346942,103,0,22,09/19/2022 00:00:00,
134,Machine Gun Kelly,7175506952,1017993010,141,0,14,09/15/2022 00:00:00,
135,blackbear,7107987469,1743247445,162,1,14,08/22/2022 00:00:00,
136,Black Eyed Peas,7055175439,88656205,213,0,13,09/18/2022 00:00:00,
137,Anne-Marie,6995284822,797700433,136,3,12,09/19/2022 00:00:00,
138,Lewis Capaldi,6958006277,1385,48,2,10,08/31/2022 00:00:00,
139,Clean Bandit,6956364284,24677721,176,3,10,07/31/2022 00:00:00,
140,JAY-Z,6923840435,5959218358,306,0,13,09/17/2022 00:00:00,
141,Marília Mendonça,6909001088,1549217519,122,0,23,09/20/2022 00:00:00,
142,Zara Larsson,6878581725,510565925,85,2,13,09/13/2022 00:00:00,
143,Bebe Rexha,6836453644,3954204862,113,2,14,09/13/2022 00:00:00,
144,Anitta,6801733116,1407362033,175,0,20,09/02/2022 00:00:00,
145,Enrique Iglesias,6764228183,340675073,282,0,13,09/18/2022 00:00:00,
146,Fleetwood Mac,6753161276,563244,768,1,11,09/13/2022 00:00:00,
147,The Rolling Stones,6727427341,6784031,1073,0,14,09/17/2022 00:00:00,
148,The Neighbourhood,6718687991,1183878,90,1,12,08/12/2022 00:00:00,
149,Pink Floyd,6714780376,0,436,0,13,09/16/2022 00:00:00,
150,Britney Spears,6671486096,689481019,292,0,19,09/19/2022 00:00:00,
151,Michael Bublé,6667559320,313876033,239,0,18,09/12/2022 00:00:00,
152,The Kid LAROI,6647734218,847871845,49,1,16,09/16/2022 00:00:00,
153,Guns N' Roses,6615411211,55151,139,1,10,09/19/2022 00:00:00,
154,Flo Rida,6555092666,1786418102,229,0,11,07/31/2022 00:00:00,
155,Camilo,6519784854,887878975,49,0,20,09/13/2022 00:00:00,
156,Ty Dolla $ign,6503653017,10647843904,191,0,14,09/03/2022 00:00:00,
157,Kid Cudi,6488863340,1505742485,160,0,12,09/08/2022 00:00:00,
158,Disney,6480840953,819435187,529,0,14,07/31/2022 00:00:00,
159,Becky G,6434404802,1302187576,110,0,16,09/19/2022 00:00:00,
160,Jonas Blue,6422049491,111388929,165,0,9,07/31/2022 00:00:00,
161,Russ,6409448257,120435639,368,0,14,08/31/2022 00:00:00,
162,Luis Fonsi,6388525172,444209070,187,2,10,08/11/2022 00:00:00,
163,2Pac,6328173362,345066838,316,0,16,09/06/2022 00:00:00,
164,Reik,6327803667,330177113,172,0,16,07/31/2022 00:00:00,
165,50 Cent,6248846278,2758573236,185,0,14,09/16/2022 00:00:00,
166,Childish Gambino,6247735359,604415192,86,1,13,08/18/2022 00:00:00,
167,Gorillaz,6243417623,1329013,283,0,11,09/17/2022 00:00:00,
168,Ava Max,6182963810,222536835,105,1,15,09/19/2022 00:00:00,
169,Jhay Cortez,6170553828,1249018420,82,1,11,08/20/2022 00:00:00,
170,Bastille,6158728878,156539720,205,2,10,09/09/2022 00:00:00,
171,Joji,6150774573,723433712,52,0,17,09/19/2022 00:00:00,
172,Polo G,6136158071,2095079434,75,0,14,07/31/2022 00:00:00,
173,Lorde,6006934967,286523906,57,0,19,09/19/2022 00:00:00,
174,Usher,5981518153,3241074771,257,0,15,09/15/2022 00:00:00,
175,Hozier,5967126876,0,69,1,14,09/18/2022 00:00:00,
176,David Bowie,5960976370,35086750,1315,1,12,09/13/2022 00:00:00,
177,Banda MS de Sergio Lizárraga,5924856095,5520822,216,0,19,07/31/2022 00:00:00,
178,Luke Combs,5890199848,150384172,68,0,15,08/21/2022 00:00:00,
179,Mariah Carey,5888465193,401002898,660,1,12,09/20/2022 00:00:00,
180,Skrillex,5881756686,1640865351,149,0,14,07/31/2022 00:00:00,
181,Christian Nodal,5835820936,409256344,69,0,18,08/20/2022 00:00:00,
182,Big Sean,5791066758,6189567932,153,0,13,09/04/2022 00:00:00,
183,The Killers,5774550053,359729,213,1,11,09/18/2022 00:00:00,
184,Alessia Cara,5768256100,2748095478,138,2,8,09/04/2022 00:00:00,
185,Foo Fighters,5761240710,0,237,0,12,09/15/2022 00:00:00,
186,Playboi Carti,5756121719,1679604284,82,0,14,09/17/2022 00:00:00,
187,French Montana,5687956941,3407044954,672,1,11,08/05/2022 00:00:00,
188,Tory Lanez,5657531451,2622981646,256,0,12,09/08/2022 00:00:00,
189,U2,5622227589,303372985,522,0,8,09/18/2022 00:00:00,
190,Manuel Turizo,5610907877,2311637889,66,0,17,08/26/2022 00:00:00,
191,Meek Mill,5609538227,1900550120,440,0,9,09/12/2022 00:00:00,
192,Jack Harlow,5606152807,315806334,96,1,10,09/12/2022 00:00:00,
193,blink-182,5568505079,66190562,185,0,10,09/14/2022 00:00:00,
194,Led Zeppelin,5554421214,118988,241,0,13,09/18/2022 00:00:00,
195,Daft Punk,5551691330,3320364189,190,0,12,08/24/2022 00:00:00,
196,Radiohead,5531324257,2206126,233,0,8,09/18/2022 00:00:00,
197,Jorge & Mateus,5486263204,1108375019,280,0,11,09/12/2022 00:00:00,
198,Henrique & Juliano,5466963460,812748773,177,0,14,09/12/2022 00:00:00,
199,Roddy Ricch,5446354074,3489978704,61,1,15,09/20/2022 00:00:00,
200,Elvis Presley,5442877510,5634626,1855,0,11,09/03/2022 00:00:00,
201,Meghan Trainor,5418874209,1025879971,141,0,11,09/18/2022 00:00:00,
203,Paulo Londra,5408739140,119832137,37,0,16,09/16/2022 00:00:00,
204,Labrinth,5408385063,396587742,149,0,14,07/31/2022 00:00:00,
205,John Legend,5384405995,2403169234,249,1,8,07/31/2022 00:00:00,
206,Frank Sinatra,5382091415,77042747,2171,0,13,08/14/2022 00:00:00,
207,Don Omar,5374011725,1957856299,237,0,13,09/08/2022 00:00:00,
208,Morgan Wallen,5345429164,521301528,60,0,17,09/13/2022 00:00:00,
209,System Of A Down,5306747245,997641,83,0,10,08/18/2022 00:00:00,
210,Megan Thee Stallion,5274621614,1656164329,131,1,12,09/19/2022 00:00:00,
211,Rita Ora,5257167753,709421106,133,0,14,09/19/2022 00:00:00,
212,The 1975,5232430866,156055221,136,0,13,09/13/2022 00:00:00,
213,Rae Sremmurd,5226974030,544047899,62,0,13,09/08/2022 00:00:00,
214,Tame Impala,5214042684,174098397,101,1,11,09/20/2022 00:00:00,
215,Melanie Martinez,5194199440,5232238,58,0,17,09/19/2022 00:00:00,
216,TWICE,5181586735,39496270,220,0,13,09/17/2022 00:00:00,
217,Muse,5181150140,6402079,253,0,11,09/10/2022 00:00:00,
218,Gucci Mane,5179422858,4905865217,2117,0,5,08/17/2022 00:00:00,
219,Jack Johnson,5176854131,39660958,190,0,9,09/07/2022 00:00:00,
220,The Notorious B.I.G.,5171977853,699574957,185,0,12,07/31/2022 00:00:00,
221,Troye Sivan,5103726645,873635526,105,0,12,09/19/2022 00:00:00,
222,Bon Jovi,5101338141,1335247,329,1,9,09/17/2022 00:00:00,
223,Paramore,5095348178,0,114,0,11,09/14/2022 00:00:00,
224,Mumford & Sons,5088124853,18747880,121,0,12,09/15/2022 00:00:00,
225,ABBA,5004152913,146654,160,0,14,09/01/2022 00:00:00,
226,6ix9ine,4988907666,1117326282,57,0,16,09/14/2022 00:00:00,
227,Slipknot,4980473881,0,208,0,10,08/11/2022 00:00:00,
228,Bazzi,4941186159,62540256,39,0,12,07/31/2022 00:00:00,
229,Gusttavo Lima,4938141476,876355276,287,0,9,08/26/2022 00:00:00,
230,Oasis,4924851582,1134,237,1,7,09/19/2022 00:00:00,
231,Morat,4919640815,436178161,74,0,15,08/31/2022 00:00:00,
232,Sean Paul,4910936441,3853999824,400,0,10,07/31/2022 00:00:00,
233,Felix Jaehn,4901374743,194535961,172,1,12,07/31/2022 00:00:00,
234,The Lumineers,4894719810,0,86,0,8,08/29/2022 00:00:00,
235,Justin Quiles,4878976278,4310489285,163,0,14,07/31/2022 00:00:00,
236,Dalex,4871872181,1036388958,129,0,15,09/03/2022 00:00:00,
237,Duki,4869537547,937757024,147,0,13,09/12/2022 00:00:00,
238,Swae Lee,4836929180,5692666319,59,1,10,07/31/2022 00:00:00,
239,Hailee Steinfeld,4815845560,606712238,31,1,10,09/19/2022 00:00:00,
240,Julia Michaels,4811539257,1690872391,65,1,7,09/16/2022 00:00:00,
241,Rammstein,4781710534,3762124,245,0,10,08/27/2022 00:00:00,
242,Alicia Keys,4777678003,1427914798,253,0,8,09/17/2022 00:00:00,
243,Alok,4738018362,231488539,212,0,12,08/29/2022 00:00:00,
244,Madonna,4718747892,138810390,762,0,7,09/20/2022 00:00:00,
245,Jess Glynne,4712325038,543326342,82,1,10,09/18/2022 00:00:00,
246,Zion & Lennox,4710887632,2887125495,159,0,11,07/31/2022 00:00:00,
247,Disclosure,4690114197,24281620,186,0,7,07/31/2022 00:00:00,
248,Christina Aguilera,4686000540,1808585763,281,0,9,08/19/2022 00:00:00,
249,Kings of Leon,4669462543,0,121,0,8,09/18/2022 00:00:00,
250,6LACK,4650333571,952817602,79,0,10,09/03/2022 00:00:00,
251,Cheat Codes,4629305378,313902252,151,0,7,07/31/2022 00:00:00,
252,Tove Lo,4629278952,1360259448,144,0,7,09/09/2022 00:00:00,
253,Creedence Clearwater Revival,4623595600,0,145,0,11,08/23/2022 00:00:00,
254,Florence + The Machine,4614759836,378905,160,0,9,09/18/2022 00:00:00,
255,Florida Georgia Line,4609041041,2478742591,124,0,15,08/21/2022 00:00:00,
256,My Chemical Romance,4607083284,0,139,0,11,09/14/2022 00:00:00,
257,Alesso,4597495128,137641031,129,0,10,08/13/2022 00:00:00,
258,Arijit Singh,4573567798,939497796,572,0,4,09/01/2022 00:00:00,
259,Glass Animals,4554159224,4423329,109,1,6,09/15/2022 00:00:00,
260,The Script,4553052747,1343266,99,1,8,09/12/2022 00:00:00,
261,Zé Neto & Cristiano,4540609590,463313203,169,0,13,09/12/2022 00:00:00,
262,Whitney Houston,4519561495,14222939,282,0,9,09/19/2022 00:00:00,
263,Chance the Rapper,4517223691,3118921754,105,0,12,09/05/2022 00:00:00,
264,Piso 21,4511325667,62804762,86,0,12,07/31/2022 00:00:00,
265,Five Finger Death Punch,4506617068,0,138,0,9,07/31/2022 00:00:00,
266,Bruce Springsteen,4480464759,47313864,821,0,10,09/11/2022 00:00:00,
267,Arcangel,4475257907,5081836495,244,0,11,08/11/2022 00:00:00,
268,Nickelback,4469299972,0,150,0,12,09/06/2022 00:00:00,
269,Fifth Harmony,4468944634,184240949,75,1,7,09/19/2022 00:00:00,
270,Lenny Tavárez,4449161492,3924285642,94,0,10,07/31/2022 00:00:00,
271,Jason Mraz,4439148339,98804484,238,1,6,07/31/2022 00:00:00,
272,Galantis,4427621050,102139066,243,0,8,07/31/2022 00:00:00,
273,Avril Lavigne,4418987832,25567335,154,0,10,09/10/2022 00:00:00,
274,Glee Cast,4375931294,0,723,0,0,08/23/2022 00:00:00,
275,Bring Me The Horizon,4372894185,85729842,141,0,11,09/19/2022 00:00:00,
276,Ne-Yo,4368629006,2245144528,204,0,10,07/31/2022 00:00:00,
277,Lil Durk,4367616218,3009354038,359,0,6,09/17/2022 00:00:00,
278,Kane Brown,4364488364,29797048,98,0,10,07/31/2022 00:00:00,
279,Kehlani,4361626721,2028969469,124,0,10,08/09/2022 00:00:00,
280,Kevin Gates,4359021971,739286985,314,0,6,08/07/2022 00:00:00,
281,Niall Horan,4338726666,517135427,69,0,11,09/19/2022 00:00:00,
282,Bryson Tiller,4330601767,1295854047,70,0,8,09/05/2022 00:00:00,
283,Jonas Brothers,4329888033,498204068,95,1,9,08/07/2022 00:00:00,
284,Bizarrap,4326642648,503968381,87,0,12,09/14/2022 00:00:00,
285,Capital Bra,4317253980,673800705,276,0,9,08/07/2022 00:00:00,
286,Lil Tjay,4313086274,1884183028,65,0,11,07/31/2022 00:00:00,
287,Snoop Dogg,4300203668,6192858304,726,1,7,08/25/2022 00:00:00,
288,Macklemore & Ryan Lewis,4290529937,4265483,48,1,6,09/04/2022 00:00:00,
289,Lil Tecca,4273063329,302858918,79,1,11,09/12/2022 00:00:00,
290,Luke Bryan,4267128439,540870550,149,0,14,08/01/2022 00:00:00,
291,Natti Natasha,4253199571,2141323366,93,0,9,09/17/2022 00:00:00,
292,Wisin,4226257427,5360562962,131,0,10,08/18/2022 00:00:00,
293,Aerosmith,4219398737,0,318,0,9,09/17/2022 00:00:00,
294,Vance Joy,4216274820,0,87,1,9,08/01/2022 00:00:00,
295,Kelly Clarkson,4206190955,231077825,329,0,8,09/20/2022 00:00:00,
296,Alejandro Fernández,4201269620,352247735,313,0,11,07/31/2022 00:00:00,
297,Stevie Wonder,4196723912,301358086,657,0,11,09/11/2022 00:00:00,
298,Jennifer Lopez,4186796728,1097279258,240,0,13,09/18/2022 00:00:00,
299,Johnny Cash,4174390143,163740766,1679,0,7,08/19/2022 00:00:00,
300,Maná,4119964379,63757921,220,0,12,08/18/2022 00:00:00,
301,Thomas Rhett,4112832625,247574441,120,0,15,08/09/2022 00:00:00,
302,Ryan Lewis,4110355782,43371022,33,1,6,07/31/2022 00:00:00,
304,Hans Zimmer,4092359874,119832137,1545,0,3,07/31/2022 00:00:00,
305,NAV,4088499280,396587742,117,0,10,09/08/2022 00:00:00,
306,Lil Pump,4054627650,2403169234,74,0,10,07/31/2022 00:00:00,
307,Pearl Jam,4052231789,77042747,2127,0,9,07/31/2022 00:00:00,
308,James Bay,4051355922,1957856299,90,0,9,08/12/2022 00:00:00,
309,Disturbed,4034857022,521301528,173,0,6,07/31/2022 00:00:00,
310,YG,4034206176,997641,198,0,8,07/31/2022 00:00:00,
311,Amy Winehouse,4024161318,1656164329,157,0,7,09/17/2022 00:00:00,
312,Wisin & Yandel,4004531845,709421106,293,0,12,07/31/2022 00:00:00,
313,YNW Melly,3991996348,156055221,83,0,9,07/31/2022 00:00:00,
314,Lil Skies,3968361888,544047899,75,0,9,08/22/2022 00:00:00,
315,Nio Garcia,3960430779,174098397,124,0,7,07/31/2022 00:00:00,
316,Tones And I,3957800698,5232238,33,1,5,09/17/2022 00:00:00,
317,Kesha,3955337905,39496270,139,0,10,09/15/2022 00:00:00,
318,Backstreet Boys,3949466238,6402079,145,1,8,09/18/2022 00:00:00,
319,Aventura,3943857084,4905865217,123,0,12,09/01/2022 00:00:00,
320,Flume,3942056858,39660958,145,0,9,07/31/2022 00:00:00,
321,Dr. Dre,3941098327,699574957,75,0,8,09/19/2022 00:00:00,
322,Miguel,3933509386,873635526,145,0,8,07/31/2022 00:00:00,
323,Jul,3931452487,1335247,572,0,0,09/18/2022 00:00:00,
324,Lizzo,3911061177,0,79,0,8,09/12/2022 00:00:00,
325,Billy Joel,3885486622,18747880,383,0,10,08/16/2022 00:00:00,
326,ROSALÍA,3871106303,146654,61,0,8,09/20/2022 00:00:00,
327,Calibre 50,3859723768,1117326282,226,0,10,08/25/2022 00:00:00,
328,Phil Collins,3836785174,0,339,0,9,08/14/2022 00:00:00,
329,Matheus & Kauan,3831562276,62540256,179,0,12,09/12/2022 00:00:00,
330,Akon,3813017846,876355276,207,0,9,07/31/2022 00:00:00,
331,Jason Aldean,3797816243,1134,166,0,8,07/31/2022 00:00:00,
332,Eagles,3784792723,436178161,189,1,8,08/23/2022 00:00:00,
333,George Ezra,3745977355,3853999824,76,0,7,09/07/2022 00:00:00,
334,Yandel,3731724067,194535961,175,0,9,07/31/2022 00:00:00,
335,Prince Royce,3724376964,0,127,0,10,07/31/2022 00:00:00,
336,The Offspring,3713219015,4310489285,159,0,7,08/13/2022 00:00:00,
337,24kGoldn,3705648954,1036388958,62,1,7,07/31/2022 00:00:00,
338,Three Days Grace,3698665397,937757024,96,0,8,07/31/2022 00:00:00,
339,Wesley Safadão,3698314476,5692666319,283,0,6,07/31/2022 00:00:00,
340,Anderson .Paak,3694145511,606712238,152,0,5,07/31/2022 00:00:00,
341,The Strokes,3688560624,1690872391,82,0,6,08/07/2022 00:00:00,
342,Don Toliver,3686151351,3762124,66,1,5,09/05/2022 00:00:00,
343,Conan Gray,3684167999,1427914798,35,0,10,09/15/2022 00:00:00,
344,Dan + Shay,3680653230,231488539,73,0,9,08/03/2022 00:00:00,
345,Rex Orange County,3678846424,138810390,58,0,8,09/11/2022 00:00:00,
346,Jeremih,3674742679,543326342,140,0,8,08/24/2022 00:00:00,
347,benny blanco,3661450439,2887125495,23,1,7,09/04/2022 00:00:00,
348,Cartel De Santa,3655552123,24281620,136,0,10,09/10/2022 00:00:00,
349,Avenged Sevenfold,3634693374,1808585763,163,0,9,07/31/2022 00:00:00,
350,Ricardo Arjona,3629270035,0,341,0,3,07/31/2022 00:00:00,
351,Céline Dion,3626954646,952817602,492,0,9,09/20/2022 00:00:00,
352,Ninho,3614658124,313902252,146,0,4,07/31/2022 00:00:00,
353,Måneskin,3603994073,1360259448,33,1,7,09/19/2022 00:00:00,
354,Alejandro Sanz,3592290895,0,380,0,6,07/31/2022 00:00:00,
355,Lin-Manuel Miranda,3592135787,378905,95,0,14,07/31/2022 00:00:00,
356,Ricky Martin,3568196300,2478742591,278,0,8,09/15/2022 00:00:00,
357,Jessie J,3563453628,0,117,1,7,09/13/2022 00:00:00,
358,Lost Frequencies,3556401142,137641031,421,0,10,07/31/2022 00:00:00,
359,Danny Ocean,3541587214,939497796,61,1,8,09/10/2022 00:00:00,
360,Maiara & Maraisa,3531976169,4423329,156,0,12,08/10/2022 00:00:00,
361,Steve Aoki,3527393369,1343266,437,0,6,07/31/2022 00:00:00,
362,Lil Mosey,3517585999,463313203,50,1,5,07/31/2022 00:00:00,
363,Marc Anthony,3504819748,14222939,197,0,8,09/08/2022 00:00:00,
364,H.E.R.,3476314834,3118921754,102,0,8,07/31/2022 00:00:00,
365,Nelly,3464996085,62804762,211,0,9,09/15/2022 00:00:00,
366,Charli XCX,3464311470,0,219,0,8,09/17/2022 00:00:00,
367,Pablo Alborán,3437809914,47313864,173,0,8,09/16/2022 00:00:00,
368,2 Chainz,3429709034,5081836495,409,0,7,07/31/2022 00:00:00,
369,Train,3423789545,0,185,1,8,07/31/2022 00:00:00,
370,Passenger,3415074486,184240949,233,1,2,07/31/2022 00:00:00,
371,Lukas Graham,3410790500,3924285642,66,1,4,07/31/2022 00:00:00,
372,Mark Ronson,3400585305,98804484,151,1,4,07/31/2022 00:00:00,
373,CNCO,3399584158,102139066,89,0,7,09/19/2022 00:00:00,
374,Foster The People,3393389914,25567335,96,1,7,07/31/2022 00:00:00,
375,Calum Scott,3392200109,0,84,0,6,07/31/2022 00:00:00,
376,Dire Straits,3390427781,85729842,107,0,5,09/19/2022 00:00:00,
377,Alec Benjamin,3389530976,2245144528,46,1,8,08/26/2022 00:00:00,
378,Daniel Caesar,3387218135,3009354038,37,0,8,07/31/2022 00:00:00,
379,Bee Gees,3383127730,29797048,470,0,6,08/27/2022 00:00:00,
380,Tate McRae,3371616079,2028969469,53,0,8,09/10/2022 00:00:00,
381,Bryan Adams,3365887458,739286985,394,0,8,09/10/2022 00:00:00,
382,Summer Walker,3363193393,517135427,91,0,9,09/11/2022 00:00:00,
383,Trey Songz,3357005694,1295854047,268,0,7,09/16/2022 00:00:00,
384,Bob Dylan,3352960099,498204068,1308,0,6,09/13/2022 00:00:00,
385,Grupo Firme,3348434531,503968381,205,0,8,07/31/2022 00:00:00,
386,Armin van Buuren,3340463682,673800705,2051,0,4,08/21/2022 00:00:00,
387,Rels B,3327775726,1884183028,107,0,5,07/31/2022 00:00:00,
388,Boyce Avenue,3287510482,6192858304,450,0,3,09/20/2022 00:00:00,
389,Pentatonix,3285741959,4265483,201,0,2,09/12/2022 00:00:00,
390,Ski Mask The Slump God,3276018075,302858918,73,0,7,09/19/2022 00:00:00,
391,R3HAB,3274814964,540870550,336,0,4,07/31/2022 00:00:00,
392,LANY,3270335409,2141323366,86,0,8,08/17/2022 00:00:00,
393,Tainy,3255357184,5360562962,44,1,5,09/06/2022 00:00:00,
394,PARTYNEXTDOOR,3243038851,0,80,0,9,07/31/2022 00:00:00,
395,La Arrolladora Banda El Limón De Rene Camacho,3236920653,0,332,0,5,08/21/2022 00:00:00,
396,James Blunt,3226977012,231077825,172,0,6,07/31/2022 00:00:00,
397,The Police,3222974290,352247735,122,1,7,09/16/2022 00:00:00,
398,Cage The Elephant,3219794411,301358086,109,0,6,08/14/2022 00:00:00,
399,Fetty Wap,3217362515,1097279258,138,0,7,08/06/2022 00:00:00,
400,Jeremy Zucker,3215507829,163740766,96,0,8,07/31/2022 00:00:00,
401,Dean Lewis,3212555492,63757921,48,1,6,07/31/2022 00:00:00,
402,John Williams,3211135011,247574441,2410,0,2,07/31/2022 00:00:00,
403,Bibi Blocksberg,3207503226,43371022,5203,0,0,07/08/2022 00:00:00,
405,Outkast,3196044035,119832137,222,0,6,07/31/2022 00:00:00,
406,Becky Hill,3194644880,396587742,195,0,10,09/16/2022 00:00:00,
407,Sam Hunt,3189888914,2403169234,61,0,8,07/31/2022 00:00:00,
408,Sigala,3182931037,77042747,118,0,9,07/31/2022 00:00:00,
409,Carlos Vives,3181877775,1957856299,276,0,6,07/31/2022 00:00:00,
410,Jhené Aiko,3178645401,521301528,114,0,7,09/19/2022 00:00:00,
411,Rudimental,3160482589,997641,208,0,6,07/31/2022 00:00:00,
412,ScHoolboy Q,3147481533,1656164329,89,0,8,07/31/2022 00:00:00,
413,Marvin Gaye,3143836699,709421106,750,0,7,07/31/2022 00:00:00,
414,Offset,3141568579,156055221,53,1,7,09/15/2022 00:00:00,
415,Stray Kids,3120244998,544047899,169,0,5,09/19/2022 00:00:00,
416,Sam Feldt,3107699941,174098397,173,0,6,07/31/2022 00:00:00,
417,Iron Maiden,3103589124,5232238,426,0,7,09/19/2022 00:00:00,
418,Zac Brown Band,3100596570,39496270,141,0,7,07/31/2022 00:00:00,
419,Jax Jones,3080700501,6402079,89,0,12,07/31/2022 00:00:00,
420,ILLENIUM,3076454009,4905865217,218,0,4,07/31/2022 00:00:00,
421,Joan Sebastian,3063649523,39660958,506,0,8,07/31/2022 00:00:00,
422,Hillsong Worship,3062386056,699574957,847,0,4,07/31/2022 00:00:00,
423,Kali Uchis,3055543671,873635526,67,0,4,09/20/2022 00:00:00,
424,Skillet,3050996601,1335247,195,0,7,09/01/2022 00:00:00,
425,Juanes,3046714537,0,201,0,8,07/31/2022 00:00:00,
426,Blake Shelton,3044373576,18747880,203,0,9,09/07/2022 00:00:00,
427,alt-J,3025145409,146654,145,0,8,07/31/2022 00:00:00,
428,Chris Stapleton,3024791697,1117326282,60,0,9,08/01/2022 00:00:00,
429,Lil Yachty,3023049234,0,190,0,6,07/31/2022 00:00:00,
430,Quavo,3022133428,62540256,85,0,8,09/14/2022 00:00:00,
431,Los Ángeles Azules,3020957267,876355276,303,0,6,08/15/2022 00:00:00,
432,NLE Choppa,3018674271,1134,125,0,5,08/25/2022 00:00:00,
433,Feid,3009497561,436178161,146,0,5,09/16/2022 00:00:00,
434,Journey,3008391718,3853999824,278,1,5,09/17/2022 00:00:00,
435,The Vamps,3006139960,194535961,148,0,8,07/31/2022 00:00:00,
436,BROCKHAMPTON,3002168774,0,113,0,5,07/31/2022 00:00:00,
437,Soda Stereo,3000230369,4310489285,198,0,5,09/18/2022 00:00:00,
438,The Black Keys,2995726401,1036388958,199,0,5,09/03/2022 00:00:00,
439,Liam Payne,2990601102,937757024,51,0,8,09/19/2022 00:00:00,
440,Mike Posner,2987016135,5692666319,183,1,4,08/26/2022 00:00:00,
441,Weezer,2970962554,606712238,271,0,4,08/24/2022 00:00:00,
442,Korn,2968839699,1690872391,293,0,5,09/05/2022 00:00:00,
443,El Alfa,2966087446,3762124,193,0,9,09/16/2022 00:00:00,
444,Tim McGraw,2964965833,1427914798,318,0,7,08/11/2022 00:00:00,
445,Madison Beer,2958196752,231488539,54,0,11,09/19/2022 00:00:00,
446,Imanbek,2957190912,138810390,65,1,5,09/08/2022 00:00:00,
447,Rise Against,2955084542,543326342,185,0,5,09/04/2022 00:00:00,
448,The Doors,2953574273,2887125495,724,0,7,09/11/2022 00:00:00,
449,Maren Morris,2940819852,24281620,68,1,6,07/31/2022 00:00:00,
450,Mau y Ricky,2936936952,1808585763,66,0,6,07/31/2022 00:00:00,
451,Bon Iver,2928247210,0,50,0,7,07/31/2022 00:00:00,
452,RAF Camora,2926653996,952817602,369,0,5,07/31/2022 00:00:00,
453,Lunay,2925162457,313902252,59,0,9,08/18/2022 00:00:00,
454,Maria Becerra,2921291638,1360259448,43,0,6,09/20/2022 00:00:00,
455,Carly Rae Jepsen,2921086654,0,141,0,5,09/19/2022 00:00:00,
456,Why Don't We,2917638636,378905,99,0,8,08/19/2022 00:00:00,
457,Vicente Fernández,2910574978,2478742591,865,0,4,07/31/2022 00:00:00,
458,A$AP Ferg,2903470782,0,96,0,6,09/11/2022 00:00:00,
459,Juan Gabriel,2901846633,137641031,482,0,5,07/31/2022 00:00:00,
460,JP Cooper,2895291874,939497796,144,0,4,07/31/2022 00:00:00,
461,PNL,2889660746,4423329,72,0,5,09/15/2022 00:00:00,
462,The Cure,2882831026,1343266,545,0,6,08/14/2022 00:00:00,
463,Mabel,2874150906,463313203,145,0,7,08/30/2022 00:00:00,
464,Birdy,2864553572,14222939,111,0,8,09/15/2022 00:00:00,
465,Papa Roach,2861296786,3118921754,236,0,4,07/31/2022 00:00:00,
466,MARINA,2860314714,62804762,121,0,7,09/19/2022 00:00:00,
467,Jesse & Joy,2856285668,0,124,0,11,09/20/2022 00:00:00,
468,T.I.,2848098002,47313864,440,0,6,09/19/2022 00:00:00,
469,SAINt JHN,2841651735,5081836495,55,1,3,07/31/2022 00:00:00,
470,Bradley Cooper,2832555130,0,12,1,4,09/18/2022 00:00:00,
471,Bonez MC,2815182209,184240949,166,0,5,07/31/2022 00:00:00,
472,Noah Cyrus,2813340209,3924285642,74,0,6,09/19/2022 00:00:00,
473,C. Tangana,2808496289,98804484,81,0,9,09/18/2022 00:00:00,
474,MEDUZA,2806488850,102139066,55,0,5,07/31/2022 00:00:00,
475,Ludovico Einaudi,2791367383,25567335,565,0,5,07/31/2022 00:00:00,
476,Depeche Mode,2784128682,0,709,0,3,09/08/2022 00:00:00,
477,Destiny's Child,2775187867,85729842,183,0,8,09/17/2022 00:00:00,
478,Kenny Chesney,2772827226,2245144528,277,0,3,08/10/2022 00:00:00,
479,Paul McCartney,2767237931,3009354038,918,0,5,09/14/2022 00:00:00,
480,Eric Church,2759312007,29797048,286,0,4,07/31/2022 00:00:00,
481,Dave,2749490108,2028969469,62,0,8,09/08/2022 00:00:00,
482,Eric Clapton,2747310452,739286985,698,0,6,09/15/2022 00:00:00,
483,KHEA,2743045197,517135427,81,0,9,09/18/2022 00:00:00,
484,EXO,2725969831,1295854047,309,0,6,09/19/2022 00:00:00,
485,Simon & Garfunkel,2718178664,498204068,172,0,5,09/19/2022 00:00:00,
486,TINI,2717301467,503968381,71,0,8,09/19/2022 00:00:00,
487,Norah Jones,2714788741,673800705,297,0,4,08/11/2022 00:00:00,
488,Iggy Azalea,2703950724,1884183028,108,0,6,09/08/2022 00:00:00,
489,George Michael,2703100036,6192858304,185,0,4,09/19/2022 00:00:00,
490,Jay Wheeler,2701443856,4265483,146,0,3,09/06/2022 00:00:00,
491,De La Ghetto,2695370320,302858918,158,0,7,07/31/2022 00:00:00,
492,Nacho,2692139444,540870550,151,0,8,08/26/2022 00:00:00,
493,bbno$,2691389490,2141323366,149,0,3,09/18/2022 00:00:00,
494,The Beach Boys,2687373992,5360562962,1528,0,7,08/08/2022 00:00:00,
495,The Game,2686873055,0,770,0,6,08/17/2022 00:00:00,
496,Bibi und Tina,2680606898,0,3509,0,0,06/30/2022 00:00:00,
497,Ufo361,2676667284,231077825,236,0,0,09/08/2022 00:00:00,
498,R.E.M.,2665630567,352247735,590,0,5,09/08/2022 00:00:00,
499,Aminé,2661288241,301358086,72,0,4,08/06/2022 00:00:00,
500,Normani,2658470073,1097279258,17,1,4,09/12/2022 00:00:00,
501,AJR,2649403045,163740766,86,0,5,08/18/2022 00:00:00,
502,Christina Perri,2646573107,63757921,103,1,3,08/13/2022 00:00:00,
503,X Ambassadors,2621685116,247574441,119,0,4,08/25/2022 00:00:00,
504,Breaking Benjamin,2619625553,43371022,102,0,6,07/31/2022 00:00:00,
506,"Earth, Wind & Fire",2606939541,93944725,385,1,5,08/18/2022 00:00:00,
507,Hillsong UNITED,2599812772,141413805,366,0,2,08/01/2022 00:00:00,
508,Rod Wave,2598143018,72180826,136,0,3,09/08/2022 00:00:00,
509,Nick Jonas,2588951174,56096500,95,0,8,09/20/2022 00:00:00,
510,Rich The Kid,2587583439,1860430328,166,0,4,08/29/2022 00:00:00,
511,Jimi Hendrix,2585036209,1041574,506,0,5,09/19/2022 00:00:00,
512,The Smiths,2582782853,0,143,0,6,09/13/2022 00:00:00,
513,Dermot Kennedy,2581422010,0,78,0,5,07/31/2022 00:00:00,
514,SEVENTEEN,2580817471,0,150,0,1,09/19/2022 00:00:00,
515,Milky Chance,2580709652,8400414,88,1,4,07/31/2022 00:00:00,
516,Volbeat,2579498906,0,205,0,5,07/31/2022 00:00:00,
517,TOTO,2575874146,3027807,391,1,4,08/08/2022 00:00:00,
518,Dimitri Vegas & Like Mike,2572306129,102871980,267,0,4,07/31/2022 00:00:00,
519,Sabrina Carpenter,2569519803,148923932,99,0,6,09/16/2022 00:00:00,
520,Robbie Williams,2557179105,22418993,429,0,6,09/17/2022 00:00:00,
521,Matoma,2555408299,300374829,126,0,5,07/31/2022 00:00:00,
522,Years & Years,2550829792,90524082,112,0,7,07/31/2022 00:00:00,
523,Mitski,2547259202,23137320,73,0,6,09/19/2022 00:00:00,
524,Jon Bellion,2543285648,344351614,84,0,5,07/31/2022 00:00:00,
525,The xx,2542777584,10468775,77,0,5,07/31/2022 00:00:00,
526,Van Morrison,2542234398,95529950,864,0,4,09/13/2022 00:00:00,
527,Nelly Furtado,2534235066,287364576,211,0,6,09/15/2022 00:00:00,
528,Luciano,2526245631,440387420,157,0,0,09/20/2022 00:00:00,
529,B.o.B,2525038408,1274578007,431,0,7,07/31/2022 00:00:00,
530,T-Pain,2522886931,3095732093,215,0,8,07/31/2022 00:00:00,
531,Lynyrd Skynyrd,2519169676,599968,362,0,4,09/07/2022 00:00:00,
532,Stormzy,2500482085,997592500,69,0,7,08/21/2022 00:00:00,
533,Sfera Ebbasta,2496062465,1276058719,89,0,1,08/27/2022 00:00:00,
534,Rick Ross,2491175711,4970243020,340,0,4,07/31/2022 00:00:00,
535,Cali Y El Dandee,2490592473,214013480,74,0,9,07/31/2022 00:00:00,
536,Kid Ink,2489130300,2816280604,198,0,8,07/31/2022 00:00:00,
537,Shinedown,2479535960,13718335,197,0,6,09/04/2022 00:00:00,
538,Natanael Cano,2475463509,225114570,135,0,6,09/12/2022 00:00:00,
539,Van Halen,2466995848,24281,207,0,6,09/19/2022 00:00:00,
540,Limp Bizkit,2466419030,3218081,134,0,6,08/01/2022 00:00:00,
541,The Fray,2463436621,4486342,98,0,5,07/31/2022 00:00:00,
542,Samra,2461380410,403500820,120,0,3,09/19/2022 00:00:00,
543,The Cranberries,2460868337,2725658,264,0,4,08/27/2022 00:00:00,
544,Black Sabbath,2459611513,13968959,286,0,4,09/07/2022 00:00:00,
545,All Time Low,2459397211,1585127,212,0,2,07/31/2022 00:00:00,
546,DNCE,2458758461,54841242,36,1,4,07/31/2022 00:00:00,
547,El Fantasma,2457887099,65281602,210,0,6,08/21/2022 00:00:00,
548,Damso,2448621601,761548765,95,0,1,09/15/2022 00:00:00,
549,Andy Grammer,2431629519,4962513,79,0,5,07/31/2022 00:00:00,
550,Rage Against The Machine,2430839934,0,119,0,7,08/14/2022 00:00:00,
551,Luan Santana,2430000476,247964502,214,0,4,09/19/2022 00:00:00,
552,Aitana,2428820555,19883705,74,0,7,09/19/2022 00:00:00,
553,Juan Magán,2428032283,871230826,208,0,5,07/31/2022 00:00:00,
554,KYLE,2420485330,166464714,112,0,5,07/31/2022 00:00:00,
555,Keith Urban,2416463388,380461137,205,0,6,08/21/2022 00:00:00,
556,Joel Corry,2415759211,63258648,153,0,5,07/31/2022 00:00:00,
557,Daryl Hall & John Oates,2405798697,33973,555,0,6,07/31/2022 00:00:00,
558,Sabaton,2399679054,0,313,0,2,09/15/2022 00:00:00,
559,MGMT,2396610713,1038472738,86,0,5,07/31/2022 00:00:00,
560,Kodaline,2386258538,283421137,125,0,4,09/05/2022 00:00:00,
561,Aya Nakamura,2386108307,151618177,68,0,5,09/19/2022 00:00:00,
562,Plan B,2383828013,578240022,95,0,7,07/31/2022 00:00:00,
563,Rag'n'Bone Man,2382013837,79032903,138,0,3,07/31/2022 00:00:00,
564,Shaggy,2381998464,477705428,433,0,5,07/31/2022 00:00:00,
565,Of Monsters and Men,2380280721,3318019,63,0,5,09/13/2022 00:00:00,
566,Rod Stewart,2379541913,502097842,731,0,4,08/09/2022 00:00:00,
567,The White Stripes,2377686382,0,172,1,3,08/11/2022 00:00:00,
568,Hollywood Undead,2373538882,21078180,143,0,3,08/01/2022 00:00:00,
569,Mac DeMarco,2366844862,75712651,150,0,4,09/18/2022 00:00:00,
570,Gerardo Ortiz,2362366616,564161466,257,0,3,07/31/2022 00:00:00,
571,A Day To Remember,2357711163,0,135,0,4,07/31/2022 00:00:00,
572,Quinn XCII,2350578227,155201156,85,0,5,07/31/2022 00:00:00,
573,Ice Cube,2344900860,287402247,292,0,5,07/31/2022 00:00:00,
574,Clairo,2340931623,751281514,25,0,7,07/31/2022 00:00:00,
575,Swedish House Mafia,2340727040,12820948,58,0,6,07/31/2022 00:00:00,
576,League of Legends,2340011159,1934825362,495,0,6,09/18/2022 00:00:00,
577,Eladio Carrion,2339040331,404020084,147,0,4,09/13/2022 00:00:00,
578,Lofi Fruits Music,2329999921,106066268,1010,0,0,07/31/2022 00:00:00,
579,Prince,2327965052,3281243,835,0,5,08/24/2022 00:00:00,
580,Os Barões Da Pisadinha,2325967532,571967470,160,0,6,07/31/2022 00:00:00,
581,Brytiago,2325768055,2046857334,85,0,5,09/08/2022 00:00:00,
582,Casper Magico,2324673947,194400208,95,0,5,07/31/2022 00:00:00,
583,José José,2323517374,149057243,525,0,2,07/31/2022 00:00:00,
584,Evanescence,2320082358,0,110,0,4,09/12/2022 00:00:00,
585,Sublime,2317831260,0,219,0,5,07/31/2022 00:00:00,
586,Die drei !!!,2317017983,0,3275,0,0,07/31/2022 00:00:00,
587,Tom Odell,2313290532,43963745,131,1,3,09/10/2022 00:00:00,
588,GIMS,2311019564,294623436,179,0,4,07/31/2022 00:00:00,
589,Chencho Corleone,2307620270,1850768207,21,0,6,09/11/2022 00:00:00,
590,Cigarettes After Sex,2297049191,0,30,0,6,08/30/2022 00:00:00,
591,Bryant Myers,2296987693,2211793211,102,0,5,07/31/2022 00:00:00,
592,Axwell /\ Ingrosso,2295622491,0,47,1,5,07/31/2022 00:00:00,
593,Red Velvet,2293993571,14995635,131,0,5,09/19/2022 00:00:00,
594,George Strait,2293305564,36161867,444,0,2,07/31/2022 00:00:00,
595,Carlos Rivera,2291158958,507636763,210,0,5,07/31/2022 00:00:00,
596,Carrie Underwood,2287677862,390796945,170,0,3,09/18/2022 00:00:00,
597,Enya,2281284138,342937830,145,0,4,08/10/2022 00:00:00,
598,Pedro Capó,2277124460,181475492,71,1,5,07/31/2022 00:00:00,
599,girl in red,2264464619,6043639,29,0,6,09/15/2022 00:00:00,
600,Aretha Franklin,2259373196,8960966,900,0,4,07/31/2022 00:00:00,
601,Ozzy Osbourne,2258551820,66842960,231,0,3,09/19/2022 00:00:00,
602,Scorpions,2257465297,0,345,0,5,09/05/2022 00:00:00,
603,Nas,2255035088,890352457,339,0,4,09/04/2022 00:00:00,
604,ODESZA,2251141203,128174755,170,0,4,07/31/2022 00:00:00,
605,Joyner Lucas,2250754960,146002559,87,0,6,09/11/2022 00:00:00,
607,Ali Gatie,2236769112,2270763,54,0,4,08/19/2022 00:00:00,
608,Mustard,2234505311,1986562902,74,0,4,07/31/2022 00:00:00,
609,PnB Rock,2228993718,1859997166,116,0,5,09/12/2022 00:00:00,
610,Zoé,2227159139,12125790,193,0,6,07/31/2022 00:00:00,
611,Goodboys,2225051739,5153122,44,0,4,07/31/2022 00:00:00,
612,KISS,2222550482,0,510,0,4,08/17/2022 00:00:00,
613,WALK THE MOON,2213255179,103849073,98,1,3,07/31/2022 00:00:00,
614,Danna Paola,2212142768,72725046,103,0,6,09/19/2022 00:00:00,
615,Don Diablo,2200628570,105584811,248,0,1,07/31/2022 00:00:00,
616,Jorja Smith,2195160357,465601602,81,0,4,07/31/2022 00:00:00,
617,Los Tigres Del Norte,2195087945,182374635,639,0,1,07/31/2022 00:00:00,
618,Gryffin,2193509712,482869625,146,0,6,07/31/2022 00:00:00,
619,RAYE,2192939509,575319981,95,0,4,07/31/2022 00:00:00,
620,Junior H,2190309741,300889299,104,0,5,09/12/2022 00:00:00,
621,The Smashing Pumpkins,2172954938,0,418,0,6,09/19/2022 00:00:00,
622,Sum 41,2172099956,7414337,128,0,5,07/31/2022 00:00:00,
623,Alan Jackson,2168305190,90085724,269,0,2,08/11/2022 00:00:00,
624,Marco Antonio Solís,2167056600,686549494,201,0,5,07/31/2022 00:00:00,
625,WILLOW,2162026224,405412770,76,0,3,09/16/2022 00:00:00,
626,Ella Mai,2161392693,334957558,52,0,6,09/11/2022 00:00:00,
627,Marilyn Manson,2156699936,56980790,227,0,4,07/31/2022 00:00:00,
628,Joey Bada$$,2149110284,767949252,119,0,4,09/11/2022 00:00:00,
629,Lord Huron,2147142104,0,76,1,3,07/31/2022 00:00:00,
630,Sleeping At Last,2146420809,727285,298,0,5,08/01/2022 00:00:00,
631,Astrid S,2145022194,131055141,107,0,5,09/04/2022 00:00:00,
632,TKKG,2141387313,0,4398,0,0,07/31/2022 00:00:00,
633,Sido,2141006547,522502437,368,0,2,07/31/2022 00:00:00,
634,TOMORROW X TOGETHER,2136382863,0,69,0,6,09/10/2022 00:00:00,
635,Colbie Caillat,2133775510,126624751,105,0,4,09/15/2022 00:00:00,
636,Banda El Recodo,2127016589,2232807,601,0,3,08/01/2022 00:00:00,
637,Rascal Flatts,2124400562,53441983,248,0,5,07/31/2022 00:00:00,
638,Dolly Parton,2122503850,173626251,978,0,4,08/09/2022 00:00:00,
639,3 Doors Down,2122358023,631510,144,0,3,07/31/2022 00:00:00,
640,Wale,2117359552,1520275780,353,0,4,09/07/2022 00:00:00,
641,Moneybagg Yo,2117349736,1313168750,266,0,1,07/31/2022 00:00:00,
642,Electric Light Orchestra,2112872480,696381,305,0,4,07/31/2022 00:00:00,
643,Two Door Cinema Club,2112307879,1980119,142,0,4,08/12/2022 00:00:00,
644,Hardwell,2109914592,360947672,462,0,1,07/31/2022 00:00:00,
645,Brent Faiyaz,2107146096,905946624,63,0,7,07/31/2022 00:00:00,
646,Chase Atlantic,2105375619,11762990,75,0,4,07/31/2022 00:00:00,
647,Kontra K,2103318066,219924638,301,0,1,07/31/2022 00:00:00,
648,iann dior,2102922842,2291368890,55,0,5,07/31/2022 00:00:00,
649,Powfu,2092377791,186520817,73,1,1,07/31/2022 00:00:00,
650,Bethel Music,2092086801,0,312,0,0,07/31/2022 00:00:00,
651,JID,2089652973,797904614,70,0,4,09/07/2022 00:00:00,
652,Louis Tomlinson,2086972274,0,43,0,4,09/16/2022 00:00:00,
653,The Clash,2085949767,0,223,0,3,09/08/2022 00:00:00,
654,Noriel,2083887397,1469283474,94,0,4,07/31/2022 00:00:00,
655,gnash,2083638974,303083754,84,1,2,07/31/2022 00:00:00,
656,MC Kevinho,2082054602,296844156,74,0,5,07/31/2022 00:00:00,
657,David Bisbal,2078820031,432972620,248,0,4,08/03/2022 00:00:00,
658,Pharrell Williams,2077074226,6537561403,110,1,3,07/31/2022 00:00:00,
659,Gera MX,2071389389,527168213,184,0,1,08/28/2022 00:00:00,
660,Kacey Musgraves,2070185118,150866265,126,0,5,09/19/2022 00:00:00,
661,Luísa Sonza,2068349876,9401615,66,0,5,09/19/2022 00:00:00,
662,Leon Bridges,2064776224,809960704,78,0,5,07/31/2022 00:00:00,
663,Chief Keef,2064287110,625082456,575,0,5,09/18/2022 00:00:00,
664,Martin Jensen,2063060185,304861454,79,0,4,07/31/2022 00:00:00,
665,Stromae,2062404120,60545155,57,0,4,08/12/2022 00:00:00,
666,Annie Lennox,2062340171,9754428,306,0,3,09/02/2022 00:00:00,
667,Ruth B.,2057984888,0,48,0,5,07/31/2022 00:00:00,
668,NEFFEX,2056583318,824121,213,0,3,07/31/2022 00:00:00,
669,Duran Duran,2052957469,0,483,0,5,08/09/2022 00:00:00,
670,Jaden,2050432169,1460830445,110,0,2,07/31/2022 00:00:00,
671,Bing Crosby,2043924592,8462632,1345,0,7,07/31/2022 00:00:00,
672,Seeb,2043477578,1673715968,112,0,5,07/31/2022 00:00:00,
673,Ms. Lauryn Hill,2040646969,353528858,89,0,5,08/11/2022 00:00:00,
674,Arizona Zervas,2039690926,35697483,37,1,2,07/31/2022 00:00:00,
675,Santa Fe Klan,2039138179,541493142,217,0,5,08/18/2022 00:00:00,
676,Miracle Tones,2031004961,0,126,0,0,07/31/2022 00:00:00,
677,Regard,2029133220,0,42,1,4,07/31/2022 00:00:00,
678,Westlife,2026058221,39635,231,0,3,09/09/2022 00:00:00,
679,The Kooks,2024254904,0,249,0,5,09/11/2022 00:00:00,
680,Mike WiLL Made-It,2021477415,345422787,144,0,6,08/15/2022 00:00:00,
681,Elevation Worship,2019584095,22054975,255,0,2,07/31/2022 00:00:00,
682,Internet Money,2018584676,372681646,43,1,5,07/31/2022 00:00:00,
683,M83,2015140978,16290793,237,0,3,07/31/2022 00:00:00,
684,Portugal. The Man,2003183409,50754902,195,1,1,07/31/2022 00:00:00,
685,R. Kelly,2002013664,409379157,363,0,2,07/31/2022 00:00:00,
686,Saweetie,2000089741,595752335,73,0,4,09/01/2022 00:00:00,
687,Dilsinho,1996437258,411783927,195,0,5,09/12/2022 00:00:00,
688,Charlie Brown Jr.,1995556424,39048849,278,0,4,08/17/2022 00:00:00,
689,Ha*Ash,1989802115,490646007,131,0,4,09/01/2022 00:00:00,
690,Gwen Stefani,1988899782,1073941569,99,0,4,09/17/2022 00:00:00,
691,Mötley Crüe,1986516487,0,238,0,5,09/19/2022 00:00:00,
692,Jessie Reyez,1982350944,512534113,73,0,4,09/16/2022 00:00:00,
693,Owl City,1980070565,93709322,111,0,2,07/31/2022 00:00:00,
694,Apache 207,1977481576,126206018,46,0,5,07/31/2022 00:00:00,
695,Nekfeu,1977245131,518867756,98,0,0,08/20/2022 00:00:00,
696,Queens of the Stone Age,1973861331,0,140,0,5,07/31/2022 00:00:00,
697,Cosculluela,1973500286,1068089499,159,0,5,07/31/2022 00:00:00,
698,Keane,1971059662,607099,197,0,2,07/31/2022 00:00:00,
699,Tee Grizzley,1970417387,196499343,145,0,3,07/31/2022 00:00:00,
700,Ezhel,1969446772,194725091,64,0,3,09/08/2022 00:00:00,
701,Gigi D'Agostino,1961013546,1153536,423,1,3,07/31/2022 00:00:00,
702,DMX,1959946681,264430121,304,0,4,07/31/2022 00:00:00,
703,Bruno & Marrone,1959875993,230637427,428,0,2,07/31/2022 00:00:00,
704,Yung Gravy,1959097379,10002713,78,0,6,09/18/2022 00:00:00,
705,Desiigner,1955514520,548795846,55,1,2,07/31/2022 00:00:00,
706,Timmy Trumpet,1954597157,104577459,183,0,3,07/31/2022 00:00:00,
708,Thirty Seconds To Mars,1954498523,47931016,84,0,4,09/04/2022 00:00:00,
709,Denzel Curry,1952649461,528744853,137,0,4,09/06/2022 00:00:00,
710,Jay Chou,1951129090,28029086,327,0,0,07/31/2022 00:00:00,
711,Chelsea Cutler,1950899986,452181568,95,0,4,07/31/2022 00:00:00,
712,Alex Rose,1949166634,537789626,82,0,4,07/31/2022 00:00:00,
713,Olly Murs,1946478736,47818752,179,0,4,09/16/2022 00:00:00,
714,Vampire Weekend,1945573015,0,74,0,2,07/31/2022 00:00:00,
715,Miranda Lambert,1938843377,212318887,208,0,5,09/17/2022 00:00:00,
716,Santana,1933599979,276396587,714,0,4,07/31/2022 00:00:00,
717,The Goo Goo Dolls,1933399868,315062,279,1,3,09/07/2022 00:00:00,
718,Aloe Blacc,1930856165,251730315,217,0,4,07/31/2022 00:00:00,
719,Wham!,1930785286,861833,36,0,2,08/23/2022 00:00:00,
720,Willy William,1930491419,355230752,82,1,3,07/31/2022 00:00:00,
721,MAX,1929553352,143407145,144,0,5,09/10/2022 00:00:00,
722,Dierks Bentley,1923717525,173377106,153,0,6,08/01/2022 00:00:00,
723,The Who,1923165495,0,881,0,6,09/11/2022 00:00:00,
724,Granular,1919564121,0,574,0,2,07/31/2022 00:00:00,
725,Stefflon Don,1914806534,345633899,86,0,6,08/18/2022 00:00:00,
726,La Oreja de Van Gogh,1912311819,66113877,183,0,3,07/31/2022 00:00:00,
727,OMI,1908116986,131136335,45,1,2,07/31/2022 00:00:00,
728,Alice In Chains,1902125921,171453,162,0,5,09/03/2022 00:00:00,
729,Giveon,1901077447,589310224,32,0,4,09/12/2022 00:00:00,
730,John Lennon,1900843192,5769602,498,0,3,08/16/2022 00:00:00,
731,Los Temerarios,1899241961,183284,322,0,0,08/06/2022 00:00:00,
732,Loud Luxury,1898927877,89734246,135,0,4,07/31/2022 00:00:00,
733,Ghostemane,1897237706,68873586,140,0,3,08/19/2022 00:00:00,
734,Snow Patrol,1897170969,0,191,0,3,08/09/2022 00:00:00,
735,beabadoobee,1893281518,12412498,76,1,2,09/06/2022 00:00:00,
736,Lee Brice,1893216404,14898633,97,0,6,07/31/2022 00:00:00,
737,Trevor Daniel,1893164011,207826260,50,1,2,07/31/2022 00:00:00,
738,James TW,1892634482,8164452,44,0,5,07/31/2022 00:00:00,
739,Louis Armstrong,1888813523,16402469,2311,0,4,07/31/2022 00:00:00,
740,Beret,1887419481,54947411,50,0,3,07/31/2022 00:00:00,
741,Shania Twain,1885781696,182041753,187,0,4,09/17/2022 00:00:00,
742,Calle 13,1883809656,131655648,81,0,5,07/31/2022 00:00:00,
743,Booba,1880281066,678185823,247,0,0,07/31/2022 00:00:00,
744,Niska,1879295266,617175106,105,0,1,07/31/2022 00:00:00,
745,Ciara,1875900807,505417778,158,0,5,08/16/2022 00:00:00,
746,Incubus,1872492242,2113242,229,0,3,07/31/2022 00:00:00,
747,MØ,1867886470,3388886631,124,0,4,07/31/2022 00:00:00,
748,Mon Laferte,1867546187,328196750,143,0,4,08/31/2022 00:00:00,
749,Conor Maynard,1867293612,371487728,137,0,3,07/31/2022 00:00:00,
750,Ella Fitzgerald,1865209139,12514602,2120,0,2,08/09/2022 00:00:00,
751,Sting,1864917481,294461183,495,0,3,08/15/2022 00:00:00,
752,Vintage Culture,1863460359,35304995,205,0,2,07/31/2022 00:00:00,
753,Kevin Roldan,1860423142,479771429,147,0,2,07/31/2022 00:00:00,
754,Blueface,1856041642,617180661,98,0,4,09/18/2022 00:00:00,
755,Nat King Cole,1853717658,8675904,1129,0,3,07/31/2022 00:00:00,
756,Yo Gotti,1852943310,1311194792,494,0,2,07/31/2022 00:00:00,
757,Lady A,1850637526,138695513,229,0,5,07/31/2022 00:00:00,
758,Two Feet,1850083119,43492840,67,0,3,07/31/2022 00:00:00,
759,Thalia,1849494711,356801594,320,0,2,09/19/2022 00:00:00,
760,Taio Cruz,1849088545,27054116,94,0,4,08/19/2022 00:00:00,
761,Old Dominion,1846826397,5326630,85,0,7,08/09/2022 00:00:00,
762,Dean Martin,1839950779,11973306,696,0,5,07/31/2022 00:00:00,
763,Oliver Tree,1839830515,47958499,63,0,4,08/31/2022 00:00:00,
764,John Newman,1839265446,386221358,95,0,4,07/31/2022 00:00:00,
765,CRO,1837987132,186326829,163,0,2,08/19/2022 00:00:00,
766,PNAU,1837143273,4795294,113,1,3,09/18/2022 00:00:00,
767,ANAVITÓRIA,1836487394,247466567,79,0,3,09/18/2022 00:00:00,
768,Sara Bareilles,1829209796,82546640,194,0,5,09/15/2022 00:00:00,
769,Michael Silverman,1827043186,213673,972,0,0,07/31/2022 00:00:00,
770,Burna Boy,1821371663,1671152465,174,0,4,09/19/2022 00:00:00,
771,Surfaces,1819802511,0,70,0,1,07/31/2022 00:00:00,
772,Chayanne,1817989260,144005891,236,0,5,07/31/2022 00:00:00,
773,a-ha,1815725128,16092,401,1,1,07/31/2022 00:00:00,
774,The Jackson 5,1814148449,2468100,347,0,5,08/24/2022 00:00:00,
775,Fergie,1813098972,206140442,82,0,5,07/31/2022 00:00:00,
776,The Pussycat Dolls,1813039711,26129902,56,0,5,09/02/2022 00:00:00,
777,Roxette,1810253500,306912,465,0,4,08/14/2022 00:00:00,
778,Leona Lewis,1806698865,58137114,116,0,5,09/18/2022 00:00:00,
779,Matuê,1805676631,243428148,33,0,6,08/31/2022 00:00:00,
780,Natalia Lafourcade,1805496403,936009979,183,0,4,09/02/2022 00:00:00,
781,Mora,1805158864,348503971,76,0,2,08/16/2022 00:00:00,
782,Dynoro,1804491187,378295,18,1,4,07/31/2022 00:00:00,
783,Los Tucanes De Tijuana,1804035346,5231518,737,0,1,08/01/2022 00:00:00,
784,AJ Tracey,1802672139,215084250,98,0,6,08/21/2022 00:00:00,
785,LUDMILLA,1799762330,466090779,178,0,2,09/19/2022 00:00:00,
786,Sean Kingston,1798965211,150341106,142,0,5,07/31/2022 00:00:00,
787,Guaynaa,1797383497,132443509,64,0,5,07/31/2022 00:00:00,
788,Steve Lacy,1794556932,632508531,46,0,4,09/20/2022 00:00:00,
789,Jon Pardi,1793562040,161230228,78,0,5,09/05/2022 00:00:00,
790,fun.,1792718438,203986,26,0,3,07/31/2022 00:00:00,
791,Ben Howard,1790617769,1125328,60,0,4,09/20/2022 00:00:00,
792,Tears For Fears,1785149316,2601887,219,0,4,09/20/2022 00:00:00,
793,Mike Perry,1784903805,26675234,54,0,3,07/31/2022 00:00:00,
794,Lalo Ebratt,1773683414,84141405,60,0,7,07/31/2022 00:00:00,
795,Oliver Heldens,1773243390,253517935,145,0,3,07/31/2022 00:00:00,
796,Martin Solveig,1772167780,8507378,246,0,5,07/31/2022 00:00:00,
797,Nicki Nicole,1771051853,466761461,49,0,3,09/16/2022 00:00:00,
798,Darell,1768464822,4780307242,133,0,4,07/31/2022 00:00:00,
799,CHVRCHES,1766235284,5546013,118,0,2,09/14/2022 00:00:00,
800,Julieta Venegas,1760785705,701911855,152,0,6,09/18/2022 00:00:00,
801,Kylie Minogue,1760059922,122606148,906,0,2,09/05/2022 00:00:00,
802,Gente De Zona,1756631831,1403404663,126,0,3,07/31/2022 00:00:00,
803,Deftones,1750174564,189667,139,0,2,08/19/2022 00:00:00,
804,Melendi,1749960220,190148048,184,0,2,07/31/2022 00:00:00,
805,Seether,1748931621,0,156,0,3,07/31/2022 00:00:00,
806,Baby Keem,1748313318,64281837,51,0,3,09/04/2022 00:00:00,
807,DJ Luian,1747734090,2738823311,52,0,4,07/31/2022 00:00:00,
809,MKTO,1746963141,14429939,29,0,2,07/31/2022 00:00:00,
810,Mambo Kingz,1745059565,2499618695,37,0,5,07/31/2022 00:00:00,
811,Lionel Richie,1743379490,53528648,297,0,6,08/25/2022 00:00:00,
812,IU,1743026779,105019595,165,0,4,09/18/2022 00:00:00,
813,Lil Dicky,1741821934,127683917,23,0,5,07/31/2022 00:00:00,
814,Intocable,1741554669,20985489,317,0,2,08/14/2022 00:00:00,
815,Sin Bandera,1738742132,124804809,124,0,6,07/31/2022 00:00:00,
816,Daya,1735378090,2131830037,45,0,4,07/31/2022 00:00:00,
817,Chris Young,1733928126,108950594,112,0,4,07/31/2022 00:00:00,
818,Tech N9ne,1733262095,664567305,451,0,2,07/31/2022 00:00:00,
819,Arcade Fire,1731328594,0,113,0,3,07/31/2022 00:00:00,
820,Rich Brian,1727170764,624625192,57,0,4,09/19/2022 00:00:00,
821,Mother Mother,1726527097,83041,142,0,5,07/31/2022 00:00:00,
822,Yusuf / Cat Stevens,1726512987,19118011,332,0,5,09/16/2022 00:00:00,
823,Kina,1723333633,4106807,39,0,3,07/31/2022 00:00:00,
824,MAGIC!,1721727530,146286450,53,1,2,07/31/2022 00:00:00,
825,Greeicy,1720259336,50335675,60,0,5,08/31/2022 00:00:00,
826,Simple Plan,1719642286,2131621,128,0,4,09/05/2022 00:00:00,
827,Sofía Reyes,1719104610,226357631,61,0,3,09/10/2022 00:00:00,
828,Dido,1718183561,5698325,195,0,4,07/31/2022 00:00:00,
829,Paul Simon,1715931271,75838481,370,0,3,07/31/2022 00:00:00,
830,Dennis Lloyd,1715531867,0,48,0,3,07/31/2022 00:00:00,
831,Alfredo Olivas,1713355709,67166813,103,0,3,07/31/2022 00:00:00,
832,Wolfgang Amadeus Mozart,1712607320,5275689,11475,0,0,07/31/2022 00:00:00,
833,Tiago PZK,1709750883,332932512,58,0,4,08/26/2022 00:00:00,
834,Pineapple StormTv,1707906194,154195292,215,0,3,07/31/2022 00:00:00,
835,DENNIS,1705396553,126587183,298,0,4,07/31/2022 00:00:00,
836,YUNGBLUD,1703601205,463620252,92,0,2,09/04/2022 00:00:00,
837,Summer Cem,1702570591,341863678,200,0,2,07/31/2022 00:00:00,
838,Sade,1701116678,1452396,113,0,4,09/05/2022 00:00:00,
839,Eslabon Armado,1699114472,13724576,90,0,2,07/31/2022 00:00:00,
840,Juan Luis Guerra 4.40,1695901682,810878616,208,0,2,09/16/2022 00:00:00,
841,La Adictiva Banda San José de Mesillas,1695830013,44189841,128,0,4,07/31/2022 00:00:00,
842,KSI,1695358834,27838370,116,0,4,09/01/2022 00:00:00,
843,Bullet For My Valentine,1694804867,31403,177,0,2,08/23/2022 00:00:00,
844,Selena,1693151147,2894906,149,0,6,09/01/2022 00:00:00,
845,Jack Ü,1685398303,956750,37,0,4,07/31/2022 00:00:00,
846,Nina Simone,1682102220,25050969,551,0,3,08/05/2022 00:00:00,
847,Kollegah,1676987056,109522515,569,0,0,08/07/2022 00:00:00,
848,Bea Miller,1675218584,1164003726,42,0,4,08/18/2022 00:00:00,
849,Nipsey Hussle,1669099192,270570506,277,0,3,07/31/2022 00:00:00,
850,Cyndi Lauper,1668152364,7113334,219,0,3,09/15/2022 00:00:00,
851,Juicy J,1666667173,3759718067,450,0,2,07/31/2022 00:00:00,
852,Max Richter,1666056201,43626,992,0,0,07/31/2022 00:00:00,
853,Los Bukis,1665301634,7360162,252,0,1,07/31/2022 00:00:00,
854,Otis Redding,1664195345,150323645,337,0,3,07/31/2022 00:00:00,
855,Dominic Fike,1660702806,138302706,30,0,3,07/31/2022 00:00:00,
856,Kungs,1657734274,29885479,65,0,3,07/31/2022 00:00:00,
857,*NSYNC,1656401553,25912106,89,0,5,09/18/2022 00:00:00,
858,Jasmine Thompson,1651309359,959672838,116,0,3,07/31/2022 00:00:00,
859,Willie Nelson,1649521446,312985189,1571,0,4,07/31/2022 00:00:00,
860,Tina Turner,1649451408,24463747,253,0,6,08/24/2022 00:00:00,
861,Yellow Claw,1646156795,88256933,263,0,2,07/31/2022 00:00:00,
862,Lily Allen,1643394520,348477457,115,0,4,08/14/2022 00:00:00,
863,will.i.am,1641904383,2159351268,103,0,5,08/20/2022 00:00:00,
864,Sasha Alex Sloan,1637138656,356062491,55,0,3,09/13/2022 00:00:00,
865,Silk Sonic,1635262002,0,11,0,3,08/28/2022 00:00:00,
866,NCT 127,1633145081,47037951,138,0,2,09/19/2022 00:00:00,
867,deadmau5,1633102099,85895158,456,0,1,07/31/2022 00:00:00,
868,Benjamin Blümchen,1632183811,0,6109,0,0,07/31/2022 00:00:00,
869,Beastie Boys,1631483593,686794,307,0,4,07/31/2022 00:00:00,
870,Ferrugem,1630991997,316721915,171,0,1,07/31/2022 00:00:00,
871,Trueno,1625212488,89783830,55,0,5,08/31/2022 00:00:00,
872,Tom Walker,1621938619,104229160,95,0,4,08/28/2022 00:00:00,
873,Angus & Julia Stone,1621262836,62072067,128,0,3,07/31/2022 00:00:00,
874,AURORA,1620462028,392531879,105,0,3,09/17/2022 00:00:00,
875,Wallows,1617420796,0,50,0,5,07/31/2022 00:00:00,
876,Bill Withers,1616684397,423140273,120,0,4,07/31/2022 00:00:00,
877,Camila,1614888793,118840374,100,0,4,07/31/2022 00:00:00,
878,The National,1612789597,101050937,209,0,1,09/10/2022 00:00:00,
879,ZZ Top,1609888997,84795,279,0,4,09/16/2022 00:00:00,
880,KALEO,1609214165,0,29,0,3,07/31/2022 00:00:00,
881,Tracy Chapman,1603955839,86329695,102,0,4,08/18/2022 00:00:00,
882,Mary J. Blige,1603823302,2072649813,395,0,2,07/31/2022 00:00:00,
883,Jowell & Randy,1598782161,882987056,173,0,3,07/31/2022 00:00:00,
884,Brad Paisley,1594358812,80512829,233,0,2,07/31/2022 00:00:00,
885,The Score,1590492855,2029439,66,0,5,07/31/2022 00:00:00,
886,Los Enanitos Verdes,1589791667,8973461,190,0,4,09/14/2022 00:00:00,
887,Gavin James,1589066720,67835427,119,0,3,07/31/2022 00:00:00,
888,Lenny Kravitz,1586945030,58520527,269,0,4,08/05/2022 00:00:00,
889,Tungevaag,1584806652,5391617,82,0,5,07/31/2022 00:00:00,
890,Frédéric Chopin,1580987576,1163362,9790,0,0,08/06/2021 00:00:00,
891,Ramin Djawadi,1576132499,494471,1024,0,1,08/09/2022 00:00:00,
892,Tyler Childers,1575879683,31875984,62,0,5,08/26/2022 00:00:00,
893,Brett Young,1574718551,18238191,70,0,4,07/31/2022 00:00:00,
894,BØRNS,1573109788,17790746,44,0,3,07/31/2022 00:00:00,
895,Dadju,1570782544,449080594,112,0,1,07/31/2022 00:00:00,
896,Audioslave,1568164155,0,72,0,5,07/31/2022 00:00:00,
897,Olivia O'Brien,1567268080,1463363938,55,0,3,08/05/2022 00:00:00,
898,Sleepy Hallow,1566837791,291033854,64,0,2,07/31/2022 00:00:00,
899,Banda Los Recoditos,1564662688,19005086,252,0,2,08/01/2022 00:00:00,
900,Kiiara,1561088103,289081952,73,0,3,09/04/2022 00:00:00,
901,Mr. Probz,1559887114,237955809,36,0,4,09/19/2022 00:00:00,
902,Sufjan Stevens,1559839764,48019760,439,0,3,09/09/2022 00:00:00,
903,Alvaro Soler,1558833906,46416870,101,0,4,07/31/2022 00:00:00,
904,Pink Sweat$,1558351053,58475674,57,0,3,07/31/2022 00:00:00,
905,King Von,1557609173,158906906,78,0,3,07/31/2022 00:00:00,
906,Diego & Victor Hugo,1557334571,23088565,139,0,6,09/18/2022 00:00:00,
907,Joaquín Sabina,1554442660,130526953,348,0,0,07/31/2022 00:00:00,
908,Ella Henderson,1553412941,369125542,115,0,3,09/16/2022 00:00:00,
910,Blur,1551692610,20342,356,0,2,08/08/2022 00:00:00,
911,Ofenbach,1550940003,104912624,83,0,4,07/31/2022 00:00:00,
912,Lykke Li,1549963169,100408098,105,0,4,07/31/2022 00:00:00,
913,Cher,1549863381,14500960,399,0,3,09/19/2022 00:00:00,
914,Lil Kleine,1549145488,347865948,120,0,0,09/16/2022 00:00:00,
915,(G)I-DLE,1549107296,4846360,68,0,5,09/19/2022 00:00:00,
916,Skepta,1545159107,1544272815,146,0,2,09/12/2022 00:00:00,
917,Falling In Reverse,1544740243,0,65,0,2,07/31/2022 00:00:00,
918,Aleman,1543845576,407519473,151,0,2,07/31/2022 00:00:00,
919,Will Smith,1542201832,22969261,90,0,6,07/31/2022 00:00:00,
920,Kris Kross Amsterdam,1540779399,11311576,45,0,2,07/31/2022 00:00:00,
921,Salmo,1539540910,645180334,162,0,3,08/16/2022 00:00:00,
922,Toby Keith,1539260688,22035715,302,0,4,08/12/2022 00:00:00,
923,Timbaland,1538740572,2172817649,156,0,5,08/09/2022 00:00:00,
924,Beach House,1537837100,2101262,107,0,2,09/06/2022 00:00:00,
925,Snakehips,1537501501,114181875,80,0,3,07/31/2022 00:00:00,
926,YOASOBI,1533599947,0,28,0,5,07/31/2022 00:00:00,
927,ITZY,1531845087,0,70,0,6,09/20/2022 00:00:00,
928,Pusha T,1530816646,1669008782,123,0,2,08/05/2022 00:00:00,
929,Spice Girls,1530766752,705376,106,0,4,09/05/2022 00:00:00,
930,Río Roma,1527525300,130932569,105,0,4,07/31/2022 00:00:00,
931,Bo Burnham,1527212746,273881,103,0,2,09/02/2022 00:00:00,
932,Oh Wonder,1522982587,700789793,71,0,5,08/09/2022 00:00:00,
933,UB40,1520229534,2093977,436,0,3,07/31/2022 00:00:00,
934,Moby,1519804913,294525726,836,0,3,07/31/2022 00:00:00,
935,Andrea Bocelli,1518057850,63860756,592,0,3,09/08/2022 00:00:00,
936,Cash Cash,1516224156,122082586,163,0,4,07/31/2022 00:00:00,
937,Zendaya,1514581338,742506843,42,0,3,07/31/2022 00:00:00,
938,Topic,1514111730,995946509,70,0,1,07/31/2022 00:00:00,
939,John Denver,1512762331,8472293,594,0,3,07/31/2022 00:00:00,
940,BONES,1511219763,192510411,653,0,1,07/31/2022 00:00:00,
941,Natiruts,1510821450,21690077,216,0,1,07/31/2022 00:00:00,
942,TLC,1510571033,235596205,173,0,3,09/09/2022 00:00:00,
943,Gustavo Cerati,1509810094,204209748,163,0,3,07/31/2022 00:00:00,
944,LIT killah,1509081134,190156783,45,0,2,08/28/2022 00:00:00,
945,Alina Baraz,1506524901,29078869,76,0,3,08/09/2022 00:00:00,
946,Lauren Daigle,1506508915,145987139,67,0,3,07/31/2022 00:00:00,
947,Official HIGE DANdism,1506088256,0,144,0,4,07/31/2022 00:00:00,
948,Pixies,1505325659,0,856,0,3,09/04/2022 00:00:00,
949,Dread Mar I,1503218350,37569370,160,0,2,07/31/2022 00:00:00,
950,Mc Don Juan,1500472460,567652551,155,0,3,07/31/2022 00:00:00,
951,Thiaguinho,1498417630,225812024,249,0,0,07/31/2022 00:00:00,
952,Evaluna Montaner,1495747834,133138325,46,0,4,07/31/2022 00:00:00,
953,Capo Plaza,1494955350,798426969,78,0,1,09/04/2022 00:00:00,
954,MF DOOM,1494366089,102412043,424,0,2,07/31/2022 00:00:00,
955,Petit Biscuit,1494185761,22498758,86,0,1,07/31/2022 00:00:00,
956,Gloria Trevi,1493626591,179247041,278,0,2,09/19/2022 00:00:00,
957,Gym Class Heroes,1493450694,0,75,0,3,07/31/2022 00:00:00,
958,Maggie Lindemann,1492524310,3518587,40,0,2,09/19/2022 00:00:00,
959,Jeezy,1485078408,1437063010,552,0,2,07/31/2022 00:00:00,
960,Talking Heads,1484242370,0,215,0,3,09/04/2022 00:00:00,
961,Bruno Martini,1482924670,27749916,105,0,4,08/26/2022 00:00:00,
962,Supertramp,1480511283,35955,119,0,4,08/23/2022 00:00:00,
963,Hungria Hip Hop,1480092466,71737408,68,0,1,07/31/2022 00:00:00,
964,Wu-Tang Clan,1479460962,15206987,351,0,2,07/31/2022 00:00:00,
965,Vince Staples,1478107395,583523563,97,0,2,08/09/2022 00:00:00,
966,Brantley Gilbert,1477281228,127058982,117,0,2,07/31/2022 00:00:00,
967,Tori Kelly,1473981175,564051955,98,0,3,09/04/2022 00:00:00,
968,Counting Crows,1473624597,4503425,192,0,3,08/15/2022 00:00:00,
969,Marracash,1472923263,534687416,196,0,0,08/20/2022 00:00:00,
970,Foreigner,1468972124,354623,284,0,4,09/04/2022 00:00:00,
971,Andrés Calamaro,1463467941,169406253,521,0,2,09/05/2022 00:00:00,
972,Tom Petty and the Heartbreakers,1463007847,3703828,248,0,3,09/03/2022 00:00:00,
973,Hombres G,1461546570,65545893,275,0,3,07/31/2022 00:00:00,
974,Lupe Fiasco,1458913538,284182379,182,0,3,09/20/2022 00:00:00,
975,$NOT,1456594009,110324095,58,0,3,07/31/2022 00:00:00,
976,Upchurch,1451882160,160013519,245,0,0,07/31/2022 00:00:00,
977,Canserbero,1451762300,20576666,88,0,3,08/06/2022 00:00:00,
978,ZHU,1450364098,53933968,120,0,2,07/31/2022 00:00:00,
979,Cristian Castro,1449606688,171308397,236,0,3,07/31/2022 00:00:00,
980,Megadeth,1449001793,785779,419,0,2,09/14/2022 00:00:00,
981,D-Block Europe,1448961530,94674597,150,0,0,08/22/2022 00:00:00,
982,Bryce Vine,1444948521,4590271,81,0,4,07/31/2022 00:00:00,
983,Gustavo Mioto,1444828975,72447438,119,0,4,07/31/2022 00:00:00,
984,Showtek,1441997312,69934802,267,0,2,07/31/2022 00:00:00,
985,Pabllo Vittar,1440938225,307806312,125,0,2,08/24/2022 00:00:00,
986,Kelly Rowland,1439718750,614405577,126,0,3,08/16/2022 00:00:00,
987,The All-American Rejects,1439069693,0,86,0,4,07/31/2022 00:00:00,
988,Jack & Jack,1438739447,45772171,43,0,2,07/31/2022 00:00:00,
989,Ben&Ben,1437489824,17825818,57,0,4,08/31/2022 00:00:00,
990,The Head And The Heart,1436917213,0,95,0,4,07/31/2022 00:00:00,
991,ONE OK ROCK,1436289806,2588340,129,0,1,09/10/2022 00:00:00,
992,Melim,1435884104,89883469,85,0,3,08/26/2022 00:00:00,
993,Jacquees,1433486084,297096889,120,0,2,09/13/2022 00:00:00,
994,RÜFÜS DU SOL,1431266723,11103276,148,0,2,07/31/2022 00:00:00,
995,SCH,1430189357,650133345,114,0,0,07/31/2022 00:00:00,
996,Young the Giant,1429779508,0,78,0,3,08/26/2022 00:00:00,
997,Gemitaiz,1429778231,704443260,174,0,1,07/31/2022 00:00:00,
998,Central Cee,1428646963,8720636,49,0,5,09/20/2022 00:00:00,
999,Empire of the Sun,1428482992,230676529,108,0,3,07/31/2022 00:00:00,
1000,Alanis Morissette,1426836551,494969,300,0,3,09/16/2022 00:00:00,
1001,Icona Pop,1426680056,222797489,121,0,3,07/31/2022 00:00:00,
1002,Dustin Lynch,1426154511,11048052,83,0,4,08/07/2022 00:00:00,
1003,The Temptations,1425942696,64781659,732,0,3,08/05/2022 00:00:00,
1004,Simone & Simaria,1425339491,238959423,122,0,4,08/31/2022 00:00:00,
1005,Gotye,1424591618,10576378,46,1,1,07/31/2022 00:00:00,
1006,NIKI,1422920850,231405433,55,0,4,09/14/2022 00:00:00,
1007,Duke Dumont,1422096182,24622115,121,0,2,07/31/2022 00:00:00,
1008,Laura Pausini,1421622604,293291443,434,0,0,09/13/2022 00:00:00,
1009,Beck,1420597420,83871063,300,0,1,08/17/2022 00:00:00,
